[{"pk": 14, "model": "contenttypes.contenttype", "fields": {"model": "alert", "name": "alert", "app_label": "bullhorn"}}, {"pk": 8, "model": "contenttypes.contenttype", "fields": {"model": "category", "name": "category", "app_label": "bullhorn"}}, {"pk": 12, "model": "contenttypes.contenttype", "fields": {"model": "contact", "name": "contact", "app_label": "bullhorn"}}, {"pk": 4, "model": "contenttypes.contenttype", "fields": {"model": "contenttype", "name": "content type", "app_label": "contenttypes"}}, {"pk": 13, "model": "contenttypes.contenttype", "fields": {"model": "event", "name": "event", "app_label": "bullhorn"}}, {"pk": 2, "model": "contenttypes.contenttype", "fields": {"model": "group", "name": "group", "app_label": "auth"}}, {"pk": 7, "model": "contenttypes.contenttype", "fields": {"model": "logentry", "name": "log entry", "app_label": "admin"}}, {"pk": 9, "model": "contenttypes.contenttype", "fields": {"model": "metadata", "name": "metadata", "app_label": "bullhorn"}}, {"pk": 11, "model": "contenttypes.contenttype", "fields": {"model": "node", "name": "node", "app_label": "bullhorn"}}, {"pk": 1, "model": "contenttypes.contenttype", "fields": {"model": "permission", "name": "permission", "app_label": "auth"}}, {"pk": 5, "model": "contenttypes.contenttype", "fields": {"model": "session", "name": "session", "app_label": "sessions"}}, {"pk": 6, "model": "contenttypes.contenttype", "fields": {"model": "site", "name": "site", "app_label": "sites"}}, {"pk": 10, "model": "contenttypes.contenttype", "fields": {"model": "tag", "name": "tag", "app_label": "bullhorn"}}, {"pk": 3, "model": "contenttypes.contenttype", "fields": {"model": "user", "name": "user", "app_label": "auth"}}, {"pk": "f9dad1fb853444503d6911d37fc7aab8", "model": "sessions.session", "fields": {"expire_date": "2013-08-02T20:08:50", "session_data": "YjE0NTA2ODM4YTczZWI4ZGJlNjIxNTRlNmYzN2I0MjQwNGNjZTRiMjqAAn1xAShVEl9hdXRoX3Vz\nZXJfYmFja2VuZHECVSlkamFuZ28uY29udHJpYi5hdXRoLmJhY2tlbmRzLk1vZGVsQmFja2VuZHED\nVQ1fYXV0aF91c2VyX2lkcQSKAQF1Lg==\n"}}, {"pk": 1, "model": "sites.site", "fields": {"domain": "example.com", "name": "example.com"}}, {"pk": 1, "model": "bullhorn.category", "fields": {"name": "Applications", "description": ""}}, {"pk": 2, "model": "bullhorn.category", "fields": {"name": "Business Unit", "description": ""}}, {"pk": 3, "model": "bullhorn.category", "fields": {"name": "Location", "description": ""}}, {"pk": 4, "model": "bullhorn.category", "fields": {"name": "Server Type", "description": ""}}, {"pk": 1, "model": "bullhorn.metadata", "fields": {"name": "cch_canada"}}, {"pk": 2, "model": "bullhorn.metadata", "fields": {"name": "icadmin"}}, {"pk": 3, "model": "bullhorn.metadata", "fields": {"name": "report_letters"}}, {"pk": 4, "model": "bullhorn.metadata", "fields": {"name": "taa"}}, {"pk": 5, "model": "bullhorn.metadata", "fields": {"name": "ptc-k"}}, {"pk": 6, "model": "bullhorn.metadata", "fields": {"name": "front_end"}}, {"pk": 7, "model": "bullhorn.metadata", "fields": {"name": "application_server"}}, {"pk": 8, "model": "bullhorn.metadata", "fields": {"name": "web_server"}}, {"pk": 9, "model": "bullhorn.metadata", "fields": {"name": "estore"}}, {"pk": 10, "model": "bullhorn.metadata", "fields": {"name": "biztalk"}}, {"pk": 11, "model": "bullhorn.metadata", "fields": {"name": "middleware"}}, {"pk": 12, "model": "bullhorn.metadata", "fields": {"name": "law_and_business"}}, {"pk": 13, "model": "bullhorn.metadata", "fields": {"name": "gss"}}, {"pk": 14, "model": "bullhorn.metadata", "fields": {"name": "integration_server"}}, {"pk": 15, "model": "bullhorn.metadata", "fields": {"name": "cakephp"}}, {"pk": 16, "model": "bullhorn.metadata", "fields": {"name": "mysql"}}, {"pk": 17, "model": "bullhorn.metadata", "fields": {"name": "apache"}}, {"pk": 18, "model": "bullhorn.metadata", "fields": {"name": "almanac_of_the_federal_judiciary"}}, {"pk": 19, "model": "bullhorn.metadata", "fields": {"name": "afj"}}, {"pk": 20, "model": "bullhorn.metadata", "fields": {"name": "_database_server"}}, {"pk": 21, "model": "bullhorn.metadata", "fields": {"name": "desktop"}}, {"pk": 22, "model": "bullhorn.metadata", "fields": {"name": "antivirus"}}, {"pk": 23, "model": "bullhorn.metadata", "fields": {"name": "office"}}, {"pk": 24, "model": "bullhorn.metadata", "fields": {"name": "_wkcchstgdbbs02"}}, {"pk": 25, "model": "bullhorn.metadata", "fields": {"name": "physical_hardware"}}, {"pk": 26, "model": "bullhorn.metadata", "fields": {"name": "_nasrvtx95789"}}, {"pk": 27, "model": "bullhorn.metadata", "fields": {"name": "nasrvtx95790"}}, {"pk": 28, "model": "bullhorn.metadata", "fields": {"name": "netiq"}}, {"pk": 29, "model": "bullhorn.metadata", "fields": {"name": "security"}}, {"pk": 30, "model": "bullhorn.metadata", "fields": {"name": "wkhmrhypercp03"}}, {"pk": 31, "model": "bullhorn.metadata", "fields": {"name": "cls-ct"}}, {"pk": 32, "model": "bullhorn.metadata", "fields": {"name": "wksrvtx95010"}}, {"pk": 33, "model": "bullhorn.metadata", "fields": {"name": "database"}}, {"pk": 34, "model": "bullhorn.metadata", "fields": {"name": "wsrvtx95008"}}, {"pk": 35, "model": "bullhorn.metadata", "fields": {"name": "_dns"}}, {"pk": 36, "model": "bullhorn.metadata", "fields": {"name": "wkfsxingtgapfd01"}}, {"pk": 37, "model": "bullhorn.metadata", "fields": {"name": "wkgposci2dbbd01"}}, {"pk": 38, "model": "bullhorn.metadata", "fields": {"name": "commvault"}}, {"pk": 39, "model": "bullhorn.metadata", "fields": {"name": "database_server"}}, {"pk": 40, "model": "bullhorn.metadata", "fields": {"name": ""}}, {"pk": 1, "model": "bullhorn.tag", "fields": {"category": 1, "parent": null, "metadata": 1}}, {"pk": 2, "model": "bullhorn.tag", "fields": {"category": 1, "parent": null, "metadata": 2}}, {"pk": 3, "model": "bullhorn.tag", "fields": {"category": 1, "parent": null, "metadata": 3}}, {"pk": 4, "model": "bullhorn.tag", "fields": {"category": 2, "parent": null, "metadata": 4}}, {"pk": 5, "model": "bullhorn.tag", "fields": {"category": 3, "parent": null, "metadata": 5}}, {"pk": 6, "model": "bullhorn.tag", "fields": {"category": 3, "parent": null, "metadata": 6}}, {"pk": 7, "model": "bullhorn.tag", "fields": {"category": 4, "parent": null, "metadata": 7}}, {"pk": 8, "model": "bullhorn.tag", "fields": {"category": 4, "parent": null, "metadata": 8}}, {"pk": 9, "model": "bullhorn.tag", "fields": {"category": 1, "parent": null, "metadata": 9}}, {"pk": 10, "model": "bullhorn.tag", "fields": {"category": 1, "parent": null, "metadata": 10}}, {"pk": 11, "model": "bullhorn.tag", "fields": {"category": 1, "parent": null, "metadata": 11}}, {"pk": 12, "model": "bullhorn.tag", "fields": {"category": 2, "parent": null, "metadata": 12}}, {"pk": 13, "model": "bullhorn.tag", "fields": {"category": 2, "parent": null, "metadata": 13}}, {"pk": 14, "model": "bullhorn.tag", "fields": {"category": 4, "parent": null, "metadata": 14}}, {"pk": 15, "model": "bullhorn.tag", "fields": {"category": 1, "parent": null, "metadata": 15}}, {"pk": 16, "model": "bullhorn.tag", "fields": {"category": 1, "parent": null, "metadata": 16}}, {"pk": 17, "model": "bullhorn.tag", "fields": {"category": 1, "parent": null, "metadata": 17}}, {"pk": 18, "model": "bullhorn.tag", "fields": {"category": 1, "parent": null, "metadata": 18}}, {"pk": 19, "model": "bullhorn.tag", "fields": {"category": 1, "parent": null, "metadata": 19}}, {"pk": 20, "model": "bullhorn.tag", "fields": {"category": 4, "parent": null, "metadata": 20}}, {"pk": 21, "model": "bullhorn.tag", "fields": {"category": 4, "parent": null, "metadata": 40}}, {"pk": 1, "model": "bullhorn.node", "fields": {"tags": [1, 2, 3, 4, 5, 6, 7, 8], "name": "CCHNAVWEB101", "description": "This server is part of the server farm that is responsible for serving up the QA version of the Production CCH Farm"}}, {"pk": 2, "model": "bullhorn.node", "fields": {"tags": [4, 5, 7, 8, 9, 10, 11, 12, 13, 14], "name": "WKLEGIBZTALBP01", "description": "A node in the BizTalk application server for production. This hosts the Biztalk application from Microsoft and is part of the middleware solution."}}, {"pk": 3, "model": "bullhorn.node", "fields": {"tags": [5, 7, 8, 12, 15, 16, 17, 18, 19, 20], "name": "WKLMGAFJWEBFP01", "description": "This server is used for the Almanac of the Federal Judiciary environment. It has serves as a single box that hosts all of the necessary components for the application."}}, {"pk": 1, "model": "bullhorn.contact", "fields": {"first_name": "Jeffery", "last_name": "Smith", "office": "", "mobile": "", "instant_message": "jeffs78", "email": "jeffery.smith@wolterskluwer.com"}}, {"pk": 2, "model": "bullhorn.contact", "fields": {"first_name": "Shari", "last_name": "Tompkins", "office": "3125555555", "mobile": "5555555555", "instant_message": "shari_rocks", "email": "shari.tompkins@wolterskluwer.com"}}, {"pk": 1, "model": "bullhorn.event", "fields": {"create_date": "2013-07-18T19:39:50", "name": "Antivirus Remdiation", "tags": [21, 22, 23], "contacts": [1], "short_description": "BUA: Randy Whitlock - AntiVirus Remediation", "event_date": "2013-08-20T21:00:00", "description": "\"1] What Business Unit does this change impact? Health MR\r\n2] Does this change impact shared infrastructure (Y/N)? N \r\n3] If yes, is the shared infrastructure affecting a BU under a known change freeze (Y/N)? Y\r\n4] Is this change scheduled outside of a standard change window?  If yes, why? N \r\n5] What specific equipment / applications are involved?  nurseadm001 \r\n6] What environment (QA, Test/Dev, Production)? Production \r\n7] Why are we doing this and will there be any expected downtime? Yes, SEP 12 Install/ Reboot required\r\n8] Who will test the change before implementation? Assignee -\r\n9] Who is testing this change after implementation? Eric Lemasters\r\n10] What is the risk of this change if the change fails? N/A \r\n11] Is there a documented back out plan? N/A \r\n12] Who has approved the change from the Business Unit? Randy Whitlock\r\n13] Include any related RM, IM, PR, or Project #: AntiVirus Remediation \r\n========================================================= \r\nDetailed Plan (Step-By-Step Implementation Process):\r\n1. Place change ticket in WIP status. \r\n2. Log into servers list below in CI list \r\n3. Uninstall SAV10 \r\n    3.1 Ensure all the references and folders are removed, you hasve to use the CleanWipe tool\r\n    3.2  Reboot the server as needed\r\n4. Log back into server\r\n5. Install SEP12\r\n    5.1 Reboot server as needed\r\n6. Post reboot, open Symantec EndPoint Security and verify defination files are up to date and green\r\n7. Open Network Connections>>Advanced>>Advanced Settings>>Provider order\"\"tab\"\">>Be sure that Under Network Providers (Symantec SNAC Network Provider) is the last in the list.\r\n8. After SEP12 installation ensure the folder C:\\SEP 12 32-Bit All Content   is removed from the server\r\n9. Verification complete [log off device if applicable if device is a server does a certain user need to be logged on]\r\n10. Notify   Eric Lemasters <ericlemasters@technotects.com>  to test the server\r\n11. Document and Close ticket and email US AV team of completion\r\n\r\nNote: \r\n    a) CleanWipe tool is located on D:\\SEP 12 32-Bit All Content\r\n    b) SEP12 Setup files are located at  D:\\SEP 12 32-Bit All Content\r\n\r\nList:\r\n nurseadm001\""}}, {"pk": 2, "model": "bullhorn.event", "fields": {"create_date": "2013-07-18T19:41:22", "name": "Reseat Memory on server WKCCHSTGDBBS02", "tags": [24, 25], "contacts": [2], "short_description": "CDS00001576  BUA: Justan Picard , Reseat Memory on", "event_date": "2013-11-01T09:00:00", "description": "\"Required Questions for all Changes to the WK Environment:\r\n1) What Business Unit does this change impact?\r\nAspen\r\n2) Does this change impact shared infrastructure? Y/N\r\nNo\r\n3) If yes, is the shared infrastructure affecting a BU under a known change freeze (e.g. Tax Compliance or any other Business Unit)?  Y/N\r\nNo\r\n4) Is this change scheduled outside of a standard change window?  If yes, why?\r\nNo\r\n5) What specific equipment / applications are involved?\r\n\r\nWKCCHSTGDBBS02\r\n\r\n6) What environment (QA, Test/Dev, Production)?\r\nStaging\r\n7) Why are we doing this and will there be any expected downtime?\r\nMemory needs to be reseated, server needs to be turned off to carry out this task\r\n8) Who will test the change before implementation?\r\nThe project team tested the implementation\r\n9) Who is testing this change after implementation?  (Note:  If production server and/or flagged as \"\"1-critical\"\" AOI,  a BU tester is required) \r\nProject team will be testing after the implementation and Justan Picard and Linda Elkins will be the testers on WK side\r\n10) What is the risk of this change if the change fails?  \r\nNothing\r\n11) Is there a documented back out plan?\r\nYes\r\n12) Who has approved the change from the Business Unit?  Justan Picard\r\n13) Include any related RM, IM, PR, or Project #: Project CDS00001576\r\n=========================================================\r\nDetailed Plan (Step-By-Step Implementation Process):\r\n1.            Place change ticket in WIP status\r\n2.            Log into server WKCCHSTGDBBS02 \r\n3.            Verify that this is a passive node, if no, then perform a failover resources to the other node\r\n4.            Turn this server off\r\n5.            Inform the PTC Hardware install team to reseat the memory\r\n6.            When the work is finish, then turn on the server\r\n7.            Verify the issue is nor still happening\r\n8.            Inform the customer\r\n9.            Close the ticket\""}}, {"pk": 3, "model": "bullhorn.event", "fields": {"create_date": "2013-07-18T19:42:43", "name": "NetIQ Install", "tags": [26, 27, 28], "contacts": [1], "short_description": "Install Netiq NetIQ with MSCS & SQL modules on clu", "event_date": "2013-12-01T00:00:00", "description": "\"Required Questions for all Changes to the WK Environment:\r\n\r\n1) What Business Unit does this change impact?   LoisLaw\r\n2) Does this change impact shared infrastructure? Y/N: N\r\n3) If yes, is the shared infrastructure affecting a BU under a known change freeze (e.g. Tax Compliance or any other Business Unit)?\u00a0 Y/N: N\r\n4) Is this change scheduled outside of a standard change window?\u00a0 If yes, why? No\r\n5) What specific equipment / applications are involved?  \r\n\r\nNASRVTX95789\r\nNASRVTX95790\r\n\r\n6) What environment (QA, Test/Dev, Production)?Production\r\n7) Why are we doing this and will there be any expected downtime? Uninstall / Install Netiq NetIQ with MSCS & SQL modules on cluster nodes NASRVTX95789 & NASRVTX95790 .Yes downtime \r\n8) Who will test the change before implementation? None\r\n9) Who is testing this change after implementation?\u00a0 (Note:\u00a0 If production server and/or flagged as \"\"1-critical\"\" AOI,\u00a0 a BU tester is required) Bryon.Mayo@wolterskluwer.com-\r\n10) What is the risk of this change if the change fails?\u00a0 Netiq NetIQ with MSCS & SQL modules will not be installed\r\n11) Is there a documented back out plan? Y\r\n12) Who has approved the change from the Business Unit?Bryon.Mayo@wolterskluwer.com\r\n13) Include any related RM, IM, PR, or Project #:RM: R2:000012790226 \r\n=========================================================\r\nDetailed Plan (Step-By-Step Implementation Process):\r\n\r\n1. Put the change the status to WIP .\r\n2. Login to server passive cluster node , NASRVTX95790\r\n3. Download the Setup Files (Adv Mon Agent and All Adv Mon Module) from the following link:\r\nhttp://intranet.dell.com/services/IS/Team%20Websites/ACP/Downloads/Pages/AdvancedIntelMonitoring.aspx (downloads)\r\nLatest softwares are also located on share drive :  \\\\10.204.34.102\\d$\\sunit\\netiq\r\n4. Uninstall NetIQ if any previous version \r\n5. Install NetIQ latest version 7 - Run the Setup as per SOP (follow installation guide for both, NetIQ agent and modules)  and install install   NETIQ with MSCS &SQL modules.\r\n6.verify that NetIQ services  with modules are up on the server as per SOP.\r\n7. Now logon onto active cluster NASRVTX95789 and install as per steps 5 and 6 above on node NASRVTX95789. Verfiy that installtaion is successfull. \r\n8. Inform change status to Bryon.Mayo@wolterskluwer.com   and Amit_Sharma1@dell.com and then Close ticket.\""}}, {"pk": 4, "model": "bullhorn.event", "fields": {"create_date": "2013-07-18T19:49:10", "name": "Add Security Groups", "tags": [29, 30], "contacts": [1], "short_description": "ADD groups na\\psc_sql_admins and na\\na-s-cch-sqll ", "event_date": "2013-12-01T07:00:00", "description": "\"Required Questions for all Changes to the WK Environment:\r\n\r\n1) What Business Unit does this change impact?   LoisLaw\r\n2) Does this change impact shared infrastructure? Y/N: N\r\n3) If yes, is the shared infrastructure affecting a BU under a known change freeze (e.g. Tax Compliance or any other Business Unit)?\u00a0 Y/N: N\r\n4) Is this change scheduled outside of a standard change window?\u00a0 If yes, why? No\r\n5) What specific equipment / applications are involved?  \r\nWKHMRHYPERCP03 \r\n\r\n6) What environment (QA, Test/Dev, Production)?Production\r\n7) Why are we doing this and will there be any expected downtime? ADD groups na\\psc_sql_admins and na\\na-s-cch-sql as administrator on WKHMRHYPERCP03  .No downtime \r\n8) Who will test the change before implementation? None\r\n9) Who is testing this change after implementation?\u00a0 (Note:\u00a0 If production server and/or flagged as \"\"1-critical\"\" AOI,\u00a0 a BU tester is required) Assignee\r\n10) What is the risk of this change if the change fails?\u00a0 Groups will not be added on server \r\n11) Is there a documented back out plan? Y\r\n12) Who has approved the change from the Business Unit?john.larouche@wolterskluwer.com\r\n13) Include any related RM, IM, PR, or Project #:RM: R2:000012852204 \r\n=========================================================\r\nDetailed Plan (Step-By-Step Implementation Process):\r\n1. Change the status to WIP .\r\n2. Logon to Jump server and from on logon to server WKHMRHYPERCP03 .\r\n3. Open managemnet console of the server and ADD groups na\\psc_sql_admins and na\\na-s-cch-sql as administrator on WKHMRHYPERCP03  and  Verify groups are in the  admin groups of server.\r\n4. Inform  tester mentioned in Ques 9 above to test server post installation.\r\n5. Inform hugo_tribouillier@Dell.com  the status of change.\r\n6. Close the change.\""}}, {"pk": 5, "model": "bullhorn.event", "fields": {"create_date": "2013-07-18T19:50:27", "name": "Security Group Deletion", "tags": [31, 32, 33], "contacts": [1], "short_description": "BUA: Susan Claudio - Delete security group & Chang", "event_date": "2014-02-11T00:00:00", "description": "\"1] What Business Unit does this change impact? CLS-CT\r\n\r\n2] Does this change impact shared infrastructure (Y/N)? Y\r\n\r\n3] If yes, is the shared infrastructure affecting a BU under a known change freeze (Y/N)? Y\r\n\r\n4] Is this change scheduled outside of a standard change window?  If yes, why? N\r\n\r\n5] What specific equipment / applications are involved? \"\"WKSRVTX95010\"\"\r\n\r\n6] What environment (QA, Test/Dev, Production)? Production\r\n\r\n7] Why are we doing this and will there be any expected downtime? Susan Claudio is requesting to delete a duplicate group and change the type on the one that they are keeping. No expected down time. \r\n\r\n8] Who will test the change before implementation? Assignee\r\n\r\n9] Who is testing this change after implementation? Susan Claudio.\r\n\r\n10] What is the risk of this change if the change fails? None\r\n\r\n11] Is there a documented back out plan? Yes\r\n\r\n12] Who has approved the change from the Business Unit? Susan Claudio\r\n\r\n13] Include any related RM, IM, PR, or Project #: RM # R2:000012790347\r\n\r\n\r\n=========================================================\r\n\r\n\r\nDetailed Plan (Step-By-Step Implementation Process):\r\n\r\n1. Set Change To Work In Progress\r\n\r\n2. Logon To Associated Server WKSRVTX95010\r\n\r\n3. run dsa.exe\r\n\r\n4. Delete \"\"CLS-C & G All\"\" Group.\r\n\r\n5. Change the group type of \"\"CLS-C&G All\"\" to \"\"Security\"\" (it is currently configured as a Distribution group).\r\n\r\n6. Go to the \"\"Member Of\"\" tab click \"\"Add\"\" and type \"\"CLS-ERP\"\" (without the quotation marks) and select \"\"CLS-ERP Bulletin Distribution\"\"\r\n\r\n9. E-mail the following people to inform the results of the CM\r\nLeon_Torres@Dell.com\r\nsusan.claudio@wolterskluwer.com\r\n\r\n9. Document And Close Change Ticket\""}}, {"pk": 6, "model": "bullhorn.event", "fields": {"create_date": "2013-07-18T19:55:27", "name": "Create new DNS entry for PubFussion FTP", "tags": [34, 35], "contacts": [1], "short_description": "BUA Rich.Biborosch - RM 12832805 Create new DNS en", "event_date": "2014-04-01T07:00:00", "description": "\"Required Questions for all Changes to the WK Environment:\r\n1) What Business Unit does this change impact? MR-Medical Research\r\n2) Does this change impact shared infrastructure?  Y\r\n3) If yes, is the shared infrastructure affecting a BU under a known change freeze (e.g. Tax Compliance or any other Business Unit)?  Y\r\n4) Is this change scheduled outside of a standard change window?  N  If yes, why? N/A\r\n5) What specific equipment / applications are involved? WKSRVTX95008  - DNS Management Console\r\n6) What environment (QA, Test/Dev, Production)? Production\r\n7) Why are we doing this and will there be any expected downtime? Rich Biborosch /John LaRouche need a new DNS entry on the INTERNAL DNS server for Pubfusion FTP Server; No, there is no expected downtime.\r\n8) Who will test the change before implementation? No One.\r\n9) Who is testing this change after implementation?  (Note:  If production server and/or flagged as \"\"1-critical\"\" AOI,  a BU tester is required) Assignee\r\n10) What is the risk of this change if the change fails?  No Risk, request is related to a new DNS entry.\r\n11) Is there a documented back out plan? No, the backout plan is simple.\r\n12) Who has approved the change from the Business Unit? Rich.Biborosch/John LaRouche\r\n13) Include any related RM, IM, PR, or Project #: RM R2:000012832805 =========================================================\r\nDetailed Plan (Step-By-Step Implementation Process):\r\n1. Set on a WIP status the ticket\r\n2. Logon to the server WKSRVTX95008 with domain admin account\r\n3. Open the DNS Management Console and expand the Forward Lookup zone folder\r\n4. Locate lww.com zone and create a new CNAME entry as follows:\r\n\r\nAlias name:         ftp.journals\r\nFQDN:   ftp.journals.lww.com\r\nFQDN for target host:     jnl-eus-ol-ftp1.cloudapp.net f. Close the DNS Management Console.\r\n\r\n5.  Notify Rich.Biborosch@wolterskluwer.com; Luis_Luna@dell.com the CM's outcome\r\n6. Document and close CM\""}}, {"pk": 7, "model": "bullhorn.event", "fields": {"create_date": "2013-07-18T20:00:22", "name": "Clone VM to fix snapshot issue ", "tags": [36], "contacts": [1], "short_description": "BUA: Otte, Jim- Clone VM to fix snapshot issue on ", "event_date": "2014-05-02T19:00:00", "description": "\"Required Questions for all Changes to the WK Environment:\r\n\r\n1) What Business Unit does this change impact? FS \r\n\r\n2) Does this change impact shared infrastructure? N\r\n\r\n3) If yes, is the shared infrastructure affecting a BU under a known change freeze (e.g. Tax Compliance or any other Business Unit)?\u00a0 N\r\n\r\n4) Is this change scheduled outside of a standard change window?\u00a0 If yes, why?N\r\n\r\n5) What specific equipment / applications are involved?  WKFSXINTGAPFD01 \r\n\r\n6) What environment (QA, Test/Dev, Production)? Development\r\n\r\n7) Why are we doing this and will there be any expected downtime? To remove hidden snapshots/Server will be down till cloning gets completed\r\n\r\n8) Who will test the change before implementation?Assignee\r\n\r\n9) Who is testing this change after implementation?\u00a0 (Note:\u00a0 If production server and/or flagged as \"\"1-critical\"\" AOI,\u00a0 a BU tester is required)\r\nLo, Pin On <pinon.lo@wolterskluwer.com>\r\n\r\n10) What is the risk of this change if the change fails?\u00a0 No risk\r\n\r\n11) Is there a documented back out plan? Power on original VM\r\n\r\n12) Who has approved the change from the Business Unit? Otte, Jim [Jim.Otte@wolterskluwer.com] \r\n\r\n13) Include any related RM, IM, PR, or Project # Snapshot remediation /Proactive task\r\n=========================================================\r\nDetailed Plan (Step-By-Step Implementation Process):\r\n\r\n\r\n1. Connect to the Cloud vcenter\r\n2. Power off VM\r\n3. Rename to vmname_old\r\n4. Clone VM(verify datastore with enough disk space) and use original name for destination VM\r\n5. Once completed power on cloned VM and verify windows and logs\r\n6. Notify customer tester for validation\r\n7. Notify GIS Storage Backup-CommVault  to modify backups to point to new VM ID (cloned VM)\r\n8. Delete from disk vmname_old\r\n9. close change\""}}, {"pk": 9, "model": "bullhorn.event", "fields": {"create_date": "2013-07-18T20:06:04", "name": "Install Commvault idata agent on server WKGPOSCI2DBBD01", "tags": [37, 38, 39], "contacts": [2], "short_description": "BUA: Rick Fyrant - Install Commvault idata agent", "event_date": "2013-11-01T19:00:00", "description": "\"Required Questions for all Changes to the WK Environment:\r\n1) What Business Unit does this change impact? GPO\r\n2) Does this change impact shared infrastructure? N\r\n3) If yes, is the shared infrastructure affecting a BU under a known change freeze (e.g. Tax Compliance or any other Business Unit)? N\r\n4) Is this change scheduled outside of a standard change window?  If yes, why?  Yes\r\n5) What specific equipment / applications are involved? \r\nWKGPOSCI2DBBD01\r\n6) What environment (QA, Test/Dev, Production)? Development\r\n7) Why are we doing this and will there be any expected downtime? RT R2:R2:000021005166 and RM R2:000012264061 Install Commvault data agent.\r\nThere will be downtime due to a reboot of the server, after install the Commvault idata agent.\r\n8) Who will test the change before implementation? Assignee\r\n9) Who is testing this change after implementation?  (Note:  If production server and/or flagged as \"\"1-critical\"\" AOI,  a BU tester is required) Assignee\r\n10) What is the risk of this change if the change fails? The server won't have installed the Commvault data agent.\r\n11) Is there a documented back out plan? Yes, please see Back Out Plan\r\n12) Who has approved the change from the Business Unit?  Rick Fryant Rick.Fryant@wolterskluwer.com\r\n13) Include any related RM, IM, PR, or Project #: RT R2:R2:000021005166 and RM R2:000012264061\r\n\r\n=========================================================\r\n\r\nDetailed Plan (Step-By-Step Implementation Process):\r\n\r\n1. Put the CM in WIP.\r\n2. Please notify to the WK DBA Team (DL-WK-InfrastructureDBA@Dell.com) about the start of this CM.\r\n3. Login into a jump server.\r\n4. Login into server WKGPOSCI2DBBD01\r\n5. Install the Commvault idata agent as per SOP.\r\n6. Please notify to the WK DBA Team (DL-WK-InfrastructureDBA@Dell.com) before of reboot the server, to stop SQL databases on this server (if required), and wait for their reply.\r\n7. Please reboot the server WKGPOSCI2DBBD01\r\n8. Once the server reboots, DBA team will perform a quick health check.\r\n9. Logoff from server WKGPOSCI2DBBD01\r\n10. Logoff from jump server.\r\n11. Please notify to the following people: Rick.Fryant@wolterskluwer.com and paulo_aguiar@dell.com \r\n12. Please document and close the CM.\""}}, {"pk": 1, "model": "bullhorn.alert", "fields": {"contact": 1, "tags": [4, 5, 6, 21]}}, {"pk": 19, "model": "auth.permission", "fields": {"codename": "add_logentry", "name": "Can add log entry", "content_type": 7}}, {"pk": 20, "model": "auth.permission", "fields": {"codename": "change_logentry", "name": "Can change log entry", "content_type": 7}}, {"pk": 21, "model": "auth.permission", "fields": {"codename": "delete_logentry", "name": "Can delete log entry", "content_type": 7}}, {"pk": 4, "model": "auth.permission", "fields": {"codename": "add_group", "name": "Can add group", "content_type": 2}}, {"pk": 5, "model": "auth.permission", "fields": {"codename": "change_group", "name": "Can change group", "content_type": 2}}, {"pk": 6, "model": "auth.permission", "fields": {"codename": "delete_group", "name": "Can delete group", "content_type": 2}}, {"pk": 1, "model": "auth.permission", "fields": {"codename": "add_permission", "name": "Can add permission", "content_type": 1}}, {"pk": 2, "model": "auth.permission", "fields": {"codename": "change_permission", "name": "Can change permission", "content_type": 1}}, {"pk": 3, "model": "auth.permission", "fields": {"codename": "delete_permission", "name": "Can delete permission", "content_type": 1}}, {"pk": 7, "model": "auth.permission", "fields": {"codename": "add_user", "name": "Can add user", "content_type": 3}}, {"pk": 8, "model": "auth.permission", "fields": {"codename": "change_user", "name": "Can change user", "content_type": 3}}, {"pk": 9, "model": "auth.permission", "fields": {"codename": "delete_user", "name": "Can delete user", "content_type": 3}}, {"pk": 40, "model": "auth.permission", "fields": {"codename": "add_alert", "name": "Can add alert", "content_type": 14}}, {"pk": 41, "model": "auth.permission", "fields": {"codename": "change_alert", "name": "Can change alert", "content_type": 14}}, {"pk": 42, "model": "auth.permission", "fields": {"codename": "delete_alert", "name": "Can delete alert", "content_type": 14}}, {"pk": 22, "model": "auth.permission", "fields": {"codename": "add_category", "name": "Can add category", "content_type": 8}}, {"pk": 23, "model": "auth.permission", "fields": {"codename": "change_category", "name": "Can change category", "content_type": 8}}, {"pk": 24, "model": "auth.permission", "fields": {"codename": "delete_category", "name": "Can delete category", "content_type": 8}}, {"pk": 34, "model": "auth.permission", "fields": {"codename": "add_contact", "name": "Can add contact", "content_type": 12}}, {"pk": 35, "model": "auth.permission", "fields": {"codename": "change_contact", "name": "Can change contact", "content_type": 12}}, {"pk": 36, "model": "auth.permission", "fields": {"codename": "delete_contact", "name": "Can delete contact", "content_type": 12}}, {"pk": 37, "model": "auth.permission", "fields": {"codename": "add_event", "name": "Can add event", "content_type": 13}}, {"pk": 38, "model": "auth.permission", "fields": {"codename": "change_event", "name": "Can change event", "content_type": 13}}, {"pk": 39, "model": "auth.permission", "fields": {"codename": "delete_event", "name": "Can delete event", "content_type": 13}}, {"pk": 25, "model": "auth.permission", "fields": {"codename": "add_metadata", "name": "Can add metadata", "content_type": 9}}, {"pk": 26, "model": "auth.permission", "fields": {"codename": "change_metadata", "name": "Can change metadata", "content_type": 9}}, {"pk": 27, "model": "auth.permission", "fields": {"codename": "delete_metadata", "name": "Can delete metadata", "content_type": 9}}, {"pk": 31, "model": "auth.permission", "fields": {"codename": "add_node", "name": "Can add node", "content_type": 11}}, {"pk": 32, "model": "auth.permission", "fields": {"codename": "change_node", "name": "Can change node", "content_type": 11}}, {"pk": 33, "model": "auth.permission", "fields": {"codename": "delete_node", "name": "Can delete node", "content_type": 11}}, {"pk": 28, "model": "auth.permission", "fields": {"codename": "add_tag", "name": "Can add tag", "content_type": 10}}, {"pk": 29, "model": "auth.permission", "fields": {"codename": "change_tag", "name": "Can change tag", "content_type": 10}}, {"pk": 30, "model": "auth.permission", "fields": {"codename": "delete_tag", "name": "Can delete tag", "content_type": 10}}, {"pk": 10, "model": "auth.permission", "fields": {"codename": "add_contenttype", "name": "Can add content type", "content_type": 4}}, {"pk": 11, "model": "auth.permission", "fields": {"codename": "change_contenttype", "name": "Can change content type", "content_type": 4}}, {"pk": 12, "model": "auth.permission", "fields": {"codename": "delete_contenttype", "name": "Can delete content type", "content_type": 4}}, {"pk": 13, "model": "auth.permission", "fields": {"codename": "add_session", "name": "Can add session", "content_type": 5}}, {"pk": 14, "model": "auth.permission", "fields": {"codename": "change_session", "name": "Can change session", "content_type": 5}}, {"pk": 15, "model": "auth.permission", "fields": {"codename": "delete_session", "name": "Can delete session", "content_type": 5}}, {"pk": 16, "model": "auth.permission", "fields": {"codename": "add_site", "name": "Can add site", "content_type": 6}}, {"pk": 17, "model": "auth.permission", "fields": {"codename": "change_site", "name": "Can change site", "content_type": 6}}, {"pk": 18, "model": "auth.permission", "fields": {"codename": "delete_site", "name": "Can delete site", "content_type": 6}}, {"pk": 1, "model": "auth.user", "fields": {"username": "jeffery.smith", "first_name": "Jeff", "last_name": "Smith", "is_active": true, "is_superuser": true, "is_staff": true, "last_login": "2013-07-19T20:08:50", "groups": [], "user_permissions": [], "password": "pbkdf2_sha256$10000$ULDdZ9Dl02mW$eqMPSuysIz2wlgYR3Pf2R3Sv2criL+f147XDHk6zG/A=", "email": "jeffery.smith@wolterskluwer.com", "date_joined": "2013-07-18T16:17:39"}}]